id;raison_sociale;contact;tel;mobile;email
1;mobile Fish;Home Loan Account Table Computer;Trace;Savings Account alarm;Anabelle_Wisozk93@gmail.com
2;Electronics;Soap methodology Albania;Home Namibia;Steel zero administration;Darlene78@yahoo.com
3;grey Cambridgeshire;Canyon HDD;Table Small Frozen Sausages Planner;envisioneer Music Public-key;Idella60@gmail.com
4;backing up Salad;Digitized invoice;convergence;Mayotte;Alexandrea_Wisozk44@gmail.com
5;e-enable Communications capacitor;Awesome;Aruba;software scale interactive;Kyler.Hermiston60@hotmail.com
6;bifurcated scalable;Small;deliverables reinvent 24 hour;overriding;Merle_Rempel60@hotmail.com
7;Identity;Frozen IB;Highway Ergonomic;moratorium moratorium;Lane88@hotmail.com
8;Junction Frozen;synthesizing hard drive Robust;Avon;system Small;Bernadette89@yahoo.com
9;Harbor Montana;Corporate Phased relationships;white Brand Money Market Account;Salad Web virtual;Benedict_Swaniawski@yahoo.com
10;maroon;EXE projection Fresh;support Gorgeous;withdrawal;Rebeca.Herman0@gmail.com
